BsmtFinSF1,GarageArea,GrLivArea,TotalBsmtSF,YearBuilt,KitchenQual_Ex
0.9677700471958924,294,-0.2915167633730713,0.6105803834416816,1957,0
-1.3552551742890226,380,0.2516704147402545,-0.5494920354296593,1993,0
-1.3552551742890226,0,-1.81890816583714,-0.5567581265672719,1910,0
0.6594620840895761,240,0.6105569208971658,-0.7160708354274111,1937,0
0.1403813763879239,308,0.4753142780246223,-0.0188731989787419,1924,0
0.9470229610732276,552,-1.464669351816691,-0.3230360530051788,1972,0
-1.3552551742890226,400,0.230316101920957,-0.8336567840387785,2005,0
0.818679085678485,240,-0.6867165098582649,-0.5567581265672719,1922,0
0.6793666379977867,576,-0.0512579050233559,0.8366801240352832,1981,0
-1.3552551742890226,474,0.1029859144872077,0.988918363121053,2007,0
0.0676497651153961,240,-1.4005347004122328,-0.5132714050868402,1966,0
0.6011028869949088,484,-0.8716807882042309,-0.023399618470265,1966,0
0.7912113121765005,478,0.3091534459295355,0.5191736292245587,1978,0
0.5266726248843949,486,0.9635225779373428,-0.6249368182831097,1965,0
-1.3552551742890226,528,-0.660444839303307,0.2879922397910223,1969,0
-1.3552551742890226,390,1.3649292954340693,-0.0551518116150729,2002,0
-0.5757391409075928,450,1.3542106507975884,1.6118217982215963,1953,0
0.0499622158271753,720,-1.7097036271588766,-0.4868241929885791,1955,0
0.6225318552385006,440,-0.042716010785939,-0.8185270351165486,1977,0
1.2627878941188453,616,0.4025915989953631,1.211515760092678,1986,0
-1.3552551742890226,200,-1.845867683667552,-0.6249368182831097,1926,0
0.5825823758477401,968,1.819654027767073,0.4699391520263828,1969,0
-1.3552551742890226,225,0.2613272280514818,0.0172528180313263,1928,0
-1.3552551742890226,393,0.0785022150077916,-0.5883305291268526,2005,0
0.9000338697732582,555,-0.5677120224251269,0.3141966814809652,2003,0
-1.3552551742890226,528,-0.4434577401020005,-0.9844105276362572,2006,0
1.2670327935454373,567,0.8323624632783054,1.7911074552350594,1959,1
-1.3552551742890226,400,-1.0035363452570456,-2.260872514569943,1949,0
-1.3552551742890226,644,0.1151537515685621,1.0011716232115468,2009,0
-1.3552551742890226,271,-0.4975018431002914,0.426926876737428,1966,0
0.4195610604448473,288,-0.3999470709333768,-0.4700437741641594,1949,0
0.5441318984693447,0,-1.5687815091259727,-0.3938125322828179,1925,0
0.7167519785104608,612,0.4663191760772667,1.3708174098547627,1980,0
1.099590007748838,490,0.3450014060749475,0.5405046561214556,1976,0
0.7739137046870709,576,-1.5900400327145228,-0.4080469681230254,1982,0
-1.3552551742890226,572,-0.3217680019025101,0.5660425691174191,2006,0
1.0394788590324258,505,0.1212193399254567,1.0072932891003878,1953,0
-1.3552551742890226,280,-1.5687815091259727,-0.3938125322828179,1970,0
1.08042132880719,528,-0.5074326433385369,0.1158364162558678,1979,0
1.0661039911467471,354,-0.135831656875862,0.7555872501629409,1954,0
0.7323935248577469,264,-1.7431757789718036,-0.5084556731865537,1982,0
1.2142561241501066,784,-0.2228402763978019,0.6738736928691941,1997,0
-1.3552551742890226,540,-0.1161035169066305,-0.8210461840185259,2007,0
-1.3552551742890226,461,-0.9311642453484592,0.0689225632653755,1960,0
-1.3552551742890226,552,-0.4434577401020005,-0.8919902580447571,1910,0
-1.3552551742890226,0,0.0122253806339008,-0.703683840814225,1920,0
-1.3552551742890226,0,-0.8437609766510843,-1.1231444950478064,1924,0
-1.3552551742890226,480,-0.038454101276795,0.8491022511653711,2007,0
0.1425919438824082,431,0.4154451912564609,-0.6127134355975984,1995,0
0.452403701780374,720,-1.5687815091259727,-0.3938125322828179,1950,0
-1.3552551742890226,0,0.8735725040359607,-0.828609565609884,1916,0
-1.3552551742890226,462,0.1851722302155309,0.6211561774117218,1962,0
-1.3552551742890226,660,0.7694721194539093,-0.3583426912531107,2006,0
0.8444260257843662,812,0.9954402715968544,-0.0392609476215046,2008,1
1.3487574130354103,874,0.6515008989217472,1.5787825662037562,2003,1
-1.3552551742890226,480,-1.2221859852973909,-0.1511320848545574,1923,0
0.710807075231375,619,1.8425668211317887,0.0442489793661375,1968,0
0.7391425246844585,364,-1.2474841441946818,-0.9252035150587016,1965,0
-1.3552551742890226,880,1.9775884660219711,0.4463056540404047,1893,0
-1.3552551742890226,694,1.8299863739321207,2.2636115135340487,2006,1
1.2494010905634192,482,0.3933768407516652,1.18743747787606,2004,0
1.1852916216046625,403,-0.328792250680184,0.5766644362358693,1985,0
-1.3552551742890226,776,0.4806985009820275,1.3866338233473567,2008,0
0.5802354518471241,301,-1.2538418327687757,-0.1741491076529661,1960,0
0.8603337718197378,300,-1.1261039540004567,-0.2505714244730812,1962,0
-1.3552551742890226,0,-1.062705919498614,-0.5956365191717323,1875,0
0.6203039563990238,663,0.4446209367974358,-0.5132714050868402,2000,0
1.409698040123147,839,1.1515849006086198,2.1819072437730456,1995,0
-0.0149847740875246,551,1.0300144016800623,-0.4318309791416084,1976,0
-1.3552551742890226,288,-0.5248903873229694,-0.981824207393677,1980,0
-1.3552551742890226,647,1.230923086896218,0.5468951751008807,2002,0
0.686575424731964,467,0.7482138952324145,-0.1396476914633194,1994,0
-0.6759727370759079,336,-0.7132182810944806,0.2441551873278362,1963,0
-0.7960089178258333,437,0.1191988300987523,0.6780795871202779,2005,0
0.7534182262150977,484,-0.3031160628062797,0.0127453085266692,1974,0
0.1085867723114065,280,-0.4240423390398792,-1.1550298406455717,1939,0
-1.3552551742890226,286,-0.0512579050233559,-0.128179236909094,1960,0
0.6997921561373716,301,-0.0087878674306757,0.8780324993921775,1958,0
0.3851346613268359,240,-0.5677120224251269,-0.6249368182831097,1946,0
-1.3552551742890226,460,0.4264191656382775,-0.1856819499144766,2000,0
0.4325918260293919,572,-0.1868409355327785,-1.6471702851129848,1955,0
-1.3552551742890226,403,-0.0684144721645606,-0.7758509202623398,2004,0
0.209563872934835,457,-0.2273704882900655,0.732603646247178,1967,0
0.5907402712634219,410,-0.7832291554204152,-0.5640316209647431,1939,0
0.5860892850629287,360,1.467484920198233,-0.1879904786281623,1932,0
0.7921117315621614,546,0.7383516545188819,1.6795808267420111,1977,0
0.4368833292671956,264,-1.1629363120599487,-1.364265919790165,1971,0
1.151233235417254,480,0.3261871211899142,1.219531032486596,1977,0
0.3601538150271502,484,-0.8885571277864237,0.111379062320849,1983,0
1.1263860253252738,1356,0.3487502357747485,0.4720848533801839,1961,0
0.8001716733519771,413,0.1333141000620775,-0.5422333122965162,1997,0
1.032697955038454,484,-0.6919983278681282,0.2617146705326607,1964,0
0.4824825397565373,282,0.2264172249570955,-0.2855516199462182,1950,0
0.42682962396869,471,0.846691284008613,-0.6029501057088019,1993,0
0.9211477623995954,756,-0.3100970628871972,-0.0961514835532373,1957,0
-1.3552551742890226,360,1.1872620202757602,-0.4294491806739439,1898,0
-1.3552551742890226,610,1.6199741060191193,1.1592841088351011,2004,0
0.6916847827262733,440,0.5515852092768004,-0.2808786414494816,1962,0
-1.3552551742890226,208,-0.6761804530003448,-0.3985543673153935,1929,0
-1.3552551742890226,336,0.6157054025146474,-2.260872514569943,1960,0
-0.1285129903633227,440,-1.2538418327687757,0.0979936390595815,1976,0
-0.4735782905990817,774,0.7118936361060746,1.637030464907821,2007,0
0.2864041011024095,281,0.5198920463597088,-0.6249368182831097,1949,0
1.2259308924437955,858,1.909160778418534,0.8986504764959079,2008,1
0.4891493463162943,560,-0.1712250440762318,-0.3465558521827325,1931,0
0.2986829703878328,164,0.7085700097229954,-0.2855516199462182,1915,1
0.3569674471467951,521,-0.5677120224251269,0.3663899445108929,1995,0
0.397299709468974,660,-0.1380316425962867,-0.7434031569388851,1941,0
-1.3552551742890226,400,0.0205899310808377,-0.7235140172996314,2005,0
1.2429087744789054,711,1.5977728366673325,1.2575303611646491,1994,0
-1.3552551742890226,0,0.92971864146912,-0.2157442001860243,1911,0
0.8628183714963475,504,-0.8548980170088625,0.1291951893556686,1964,0
0.698783231296352,264,-0.7968804690531535,0.1757956704727628,1950,0
0.4983824787109817,0,-1.5687815091259727,-0.3938125322828179,1971,0
-1.3552551742890226,442,0.6717664191324216,-0.0915860950293276,1999,0
-1.3552551742890226,576,0.3674248816054697,1.2635192723946285,1967,0
0.9923218562062984,624,1.796565485873216,1.0419206722158123,1974,0
0.9544892186967152,626,-0.2915167633730713,0.6105803834416816,2007,0
0.7637302011051964,564,0.8656911020905733,-0.6691204807882336,1992,0
0.7983873483903641,606,0.0785022150077916,0.9418237813590504,2004,0
0.2648191889447878,0,-2.176609195045716,-1.542246270152917,1940,0
1.0817118174155935,856,0.5145773456264809,1.4241171358776512,2004,1
0.4180984355837948,308,-0.3975480697515329,0.514901988208274,1960,0
1.421092961583692,1134,1.128527922140723,2.122196298960476,2005,1
0.397299709468974,288,-1.5687815091259727,-0.3938125322828179,1972,0
0.9779625084995764,836,1.251824476022774,0.1558533977824164,2008,1
1.2931508938760043,757,0.3524944167000504,1.247542210511834,1994,0
0.955974847212717,384,-1.0035363452570456,0.0127453085266692,1965,0
-1.3552551742890226,434,1.0374783419971834,-0.3465558521827325,2001,0
0.5049075160223065,481,0.0989190530380942,0.9848309922201952,1995,1
0.9544892186967152,626,-0.2915167633730713,0.6105803834416816,2007,0
0.4325918260293919,539,0.5673078547334865,-0.7883736518001254,1968,0
-0.4735782905990817,833,1.171616088401074,0.1558533977824164,1991,0
0.1224113964165207,0,0.5198920463597088,-0.5956365191717323,1912,0
0.8169341085555337,484,-0.1913174768967976,0.7032795912505426,2009,0
-1.3552551742890226,400,-0.0341981942803292,-1.6471702851129848,2000,0
0.4689640522624789,400,-0.5149021992170554,0.4118279427593641,2004,0
-1.3552551742890226,615,1.124185035777528,-0.2808786414494816,2003,0
0.6423005332279885,360,-1.5687815091259727,-0.3938125322828179,1965,0
0.6573373165227184,750,-0.9656870248204036,-0.0596975195293326,1958,1
1.2585242806868262,611,0.4932244642742552,0.7701874442919309,1975,0
0.9102644348994288,308,-0.957019353838416,0.0487402427795277,1958,0
0.2194279367631427,220,-0.6630617651781531,0.2836177490893066,1955,0
-1.3552551742890226,562,0.4282442892783462,-0.5156804697676902,2007,0
-1.3552551742890226,528,-0.5778764108754184,-0.8336567840387785,1920,0
-1.3552551742890226,820,2.3516350709198792,1.8369864560365388,2008,1
-1.3552551742890226,530,0.4591037454341231,0.589396088419956,1970,0
0.635766601971456,525,-0.9112062749116754,-1.1897813070831196,2005,0
-0.6875527711403598,614,0.2048829648554707,-0.6543610829351253,2009,0
-1.3552551742890226,788,0.8371463040601568,1.7968508544715696,2006,1
0.4340251764181643,550,0.4209371648653495,-0.5494920354296593,1996,0
0.7157642140693709,520,-0.2092902332481416,0.4699391520263828,1964,0
-1.3552551742890226,462,0.7399976018056088,0.0464948987342339,1992,0
-1.3552551742890226,300,0.3091534459295355,-1.2274564179607343,1958,0
0.6834939629966026,409,0.1070473083110635,-0.8160088723302189,1995,0
0.1491775962431427,678,0.903335395450548,-0.0984351105537943,2004,0
0.953001062457166,260,-0.8382077855669547,0.1425341373920999,1955,0
0.6937193725797016,460,-0.9627950430893856,0.0442489793661375,1969,0
0.3141503266961072,288,-1.3508437616962197,-0.2435938424857163,1957,0
0.3489370155066129,240,0.698577106260119,-0.0188731989787419,1925,0
0.6090671782652696,672,2.2952190855209618,-0.4892245303087638,1920,0
-1.3552551742890226,304,0.6447153663681353,0.1558533977824164,1957,0
0.2015636397118352,280,-1.0567366614783429,-0.0279284280436762,1910,0
0.9699641076270512,508,-0.3855815285737711,0.5255776855757379,2005,0
-1.3552551742890226,656,1.6663127347607078,0.1956944020333879,2005,1
0.9544892186967152,736,1.2084673330077895,0.8739042717715905,2000,1
0.8767619430449041,577,1.0315086686645445,0.2089362525966703,2002,0
-1.3552551742890226,520,0.7052427180039729,-0.6347310108154968,1919,0
0.565999888243065,275,-1.0987706944200235,-0.0596975195293326,1954,0
0.4047979287143835,352,-2.2376150376692268,-1.485009677714695,1913,0
0.9779625084995764,574,0.5410577565065879,1.4536298583390164,1976,0
1.1282268237151665,472,0.2843783627750357,1.1753799685504005,1999,0
1.2103325456040912,528,-0.1161035169066305,0.7743552742370133,1957,0
1.5784144274886815,813,2.6915981018201043,2.283432520103847,1996,1
-1.3552551742890226,534,0.9374346957939528,-0.5277378305130123,1977,0
-0.7960089178258333,457,0.1191988300987523,0.6780795871202779,2005,0
-1.3552551742890226,350,-0.3808081398855913,0.5298447916395261,1958,0
-1.3552551742890226,702,0.6650263575761654,1.5943409485522912,2007,1
0.8864686827955591,0,-1.7431757789718036,-0.5084556731865537,1990,0
-1.3552551742890226,625,-1.0035363452570456,-2.260872514569943,1950,0
-1.3552551742890226,280,-1.36401520563643,-0.2528986435525923,1975,0
-1.3552551742890226,528,-1.6839227999789848,-0.4700437741641594,1954,0
-1.3552551742890226,431,0.8067197141067572,-0.2389455079155259,1998,0
0.5648014574660458,701,1.2684418389131138,2.272867377381097,1990,0
0.9063439922889168,504,-1.0064675237692635,0.0104906753174673,1965,0
-1.3552551742890226,312,-0.3927557693218025,-0.7434031569388851,1948,0
0.1893750986120432,384,-0.1712250440762318,-0.4009263995293322,1900,0
-1.3552551742890226,542,1.1227360155028592,-0.5688847476988067,1986,0
0.5342050716328286,338,-1.5687815091259727,-0.3938125322828179,1972,0
-1.3552551742890226,336,1.5965346206361677,-0.5373982396022567,1919,0
0.8427339310356992,480,-0.9627950430893856,-0.2250166794901004,1963,0
0.1132291638939349,0,-0.7777858247399843,0.1912762016929566,2007,0
-1.3552551742890226,834,0.3374897542216376,1.23154385441151,2005,0
0.902405599982311,515,-0.9083658469415232,0.0868237314928053,1965,0
1.0706839879704049,418,-0.122665265640904,0.7681029214176799,1974,0
0.2310718188737482,539,-1.5793921361106824,-0.4009263995293322,1940,0
0.382060303902619,576,-0.7372699591622701,-1.1550298406455717,1936,0
1.1208415678126602,1052,2.034874280781038,0.9274512835030752,2006,0
1.139195559653459,608,0.3374897542216376,1.1894458687568734,1995,0
1.1251567908717577,528,-0.0193495472128333,0.8677090224552505,1976,0
-1.3552551742890226,451,0.3636991814092015,1.2595269959879298,2000,0
1.194474181873407,765,0.6650263575761654,1.5943409485522912,2002,0
-1.3552551742890226,512,0.7564078726040309,-1.240976348248349,1976,0
-1.3552551742890226,502,0.446435092326579,-0.4485248873540676,1999,0
0.7467874435503956,618,1.1096633941282397,-0.178760287768814,2004,0
0.1790391177491563,200,-0.8023582823084493,-1.0077379940219608,1941,0
-1.3552551742890226,0,-2.087339721156244,-1.9990399960365224,1935,0
-1.3552551742890226,435,0.2805487054446602,0.7116661972747315,1979,0
1.5008443195803218,1166,1.3204669932168869,2.283432520103847,2008,1
0.7058190880409856,0,-1.5900400327145228,-0.4080469681230254,1971,0
0.7167519785104608,0,-1.6802576536460785,-0.4676496917349449,1985,0
0.5872546862298997,506,-0.3641603692675947,-0.2366223538823675,1962,0
1.2007359003890885,418,0.3896830479481731,0.8242438184663513,1953,0
0.655206785925931,292,-0.135831656875862,0.7555872501629409,1960,0
0.8652957053407728,500,1.0936083755592687,1.0825252014129287,1978,0
-1.3552551742890226,686,0.1891246811845566,-0.9200821500259216,1904,0
-0.6875527711403598,782,0.2146903030300024,1.1027740163060156,2005,0
0.3633256692521122,429,-1.3607169730883897,-0.2505714244730812,1965,0
-0.6875527711403598,494,-0.0684144721645606,0.8200952193421764,2004,0
-1.3552551742890226,0,0.163340812028858,-0.0483378082335078,1915,0
0.6147059927723547,588,0.5128036970699564,1.2515384671161125,1959,0
-1.3552551742890226,908,0.5216615356812915,1.4162352933173257,2006,0
-1.3552551742890226,240,0.5794802004375796,-0.95602200028074,1880,1
-1.3552551742890226,624,-0.6292170143303597,-0.7984091927508473,1937,0
-1.3552551742890226,504,0.886140065021747,0.8034849272480289,2000,0
0.3375356656349617,684,-1.5900400327145228,-0.4080469681230254,1971,0
-1.3552551742890226,685,0.8593711185329511,0.1002259385697673,2006,0
-1.3552551742890226,576,0.6002335313077733,-1.0599096038565825,1920,0
0.1685340089286532,576,0.5410577565065879,1.4536298583390164,1965,0
0.6636944727008867,474,0.3562339603300603,-0.6347310108154968,2003,0
0.6433842232295308,426,0.1029859144872077,-0.909852168185574,2006,0
0.4325918260293919,160,-1.8420016215929025,-0.6249368182831097,1930,0
-1.3552551742890226,550,0.8845719808099399,-0.5640316209647431,1976,0
0.459349787697547,483,0.92971864146912,-0.5398153692027289,1976,0
-1.3552551742890226,228,0.4300683101616498,-1.0809101357100934,1925,0
0.686575424731964,328,-1.1691188218965496,-0.1121499812161893,1977,0
0.8055017118991712,484,-0.1913174768967976,0.7032795912505426,2004,0
0.7524742738572807,420,-1.6258055744791238,-0.4318309791416084,2004,0
-1.3552551742890226,753,0.9389755403632304,0.1136080168914345,2006,1
-1.3552551742890226,834,1.0538342577637396,2.064113635604347,2008,0
0.818679085678485,839,0.7727293602836517,-0.0961514835532373,2000,0
-1.3552551742890226,441,1.1815819829091878,-0.4413657754823606,1916,0
1.0141292404746816,656,1.8334226228428556,0.6801819006120066,1993,0
0.6916847827262733,923,-0.4777375278905972,-0.2808786414494816,1957,0
0.3021507014186017,484,-1.4374996778820917,-0.3938125322828179,1983,0
0.8204204189802237,352,-1.4038765825888244,-0.2808786414494816,1962,0
0.7304548460248753,528,0.4117783171661693,0.1024576789518949,1960,0
0.7618649610586177,884,-0.1380316425962867,0.7116661972747315,1962,0
-1.3552551742890226,630,1.0150308598298987,-2.260872514569943,1977,0
0.5872546862298997,440,-0.968581771631279,-0.0551518116150729,1971,0
-0.4207452280314283,752,1.6988095122192255,0.6190418868785543,1995,0
0.7581216517481228,660,0.7514941573367288,-0.0687962565286155,1999,0
1.1631176801371517,500,0.4191076168740238,1.3192731961922517,2006,0
1.1736863194736902,506,0.5074764893691065,1.3945344538434976,1999,0
0.8992418346815528,288,-1.4038765825888244,-0.2808786414494816,1961,0
0.8904808074618554,470,0.603678586571871,-0.2435938424857163,1997,0
0.6845224466519306,497,-0.1095559837376168,-0.7359377674396155,1972,0
0.8928790791781447,308,-1.0035363452570456,0.0127453085266692,1963,0
-0.4207452280314283,968,1.527636622403486,2.283432520103847,2003,1
0.4510064582550765,440,-0.8243692190065313,0.1536348824676953,1925,0
0.8644707316915825,836,1.1009167126575146,-0.0007913039781109,2007,1
-0.1426750181602576,360,-1.7921861778150985,-0.7434031569388851,1941,0
-1.3552551742890226,300,-0.6919983278681282,0.1291951893556686,1950,0
0.9402482603264688,528,-0.6369938058581258,0.0420024839822854,1974,0
-1.3552551742890226,0,-0.8548980170088625,-2.260872514569943,1930,0
-1.3552551742890226,180,0.6379145406000707,-0.6765121357111168,1914,0
-1.3552551742890226,487,0.8609523563721121,-1.1284460784054773,1968,0
-1.3552551742890226,690,0.4373533926437352,1.3391235452472663,2006,0
-1.3552551742890226,480,-0.5099204463126243,-1.0494379182993825,2005,0
1.1789264043881091,484,0.6667127849646572,0.9991303335215256,1959,0
-1.3552551742890226,506,0.4117783171661693,1.3113240099921342,1973,0
0.1359368428139011,642,0.5216615356812915,-0.6543610829351253,1915,0
-1.3552551742890226,779,1.779132117622373,0.7764385820472096,1999,0
0.43545567315305,312,0.3896830479481731,-0.7235140172996314,1942,0
1.0022366323731016,872,1.6224308405567305,0.226562480447428,2004,0
0.8160602480710474,480,-0.1823710139781703,-0.5567581265672719,1993,0
0.493120587454054,472,0.0785022150077916,0.947977767601402,2006,1
0.7515292256346457,884,-0.5677120224251269,-0.3938125322828179,1965,0
-1.3552551742890226,478,-0.2092902332481416,0.0666823661864384,1974,0
-1.3552551742890226,0,-0.6919983278681282,-2.260872514569943,1955,0
-0.0503690942661939,583,0.4554895522015522,1.2993904883574885,1998,0
-1.3552551742890226,352,-0.0130081103525424,-1.208585890503048,1900,0
0.7830630032547615,318,-0.5324032323505651,0.3967055908088743,1967,0
0.6203039563990238,475,0.0682418185602128,-0.7309654906590594,1976,0
-1.3552551742890226,800,0.6667127849646572,-0.3253848217019521,2005,0
0.635766601971456,213,0.0989190530380942,-0.617600217534373,1942,0
1.079775399447089,514,1.446730588481696,0.9459268149257066,1990,0
-1.3552551742890226,825,0.2843783627750357,1.1753799685504005,2006,0
0.7458357581660059,539,-0.5829714408101629,-0.9072973165688228,1959,0
1.151233235417254,576,0.0989190530380942,0.9541283730770526,1997,0
0.8864686827955591,666,2.44461723950958,2.0396856842964604,1995,0
0.2969424319569795,576,-1.3971964996443915,-0.3796047839995912,1996,0
-0.7960089178258333,546,0.3841338712826003,-0.7235140172996314,1925,1
-1.3552551742890226,360,0.2555368463914315,0.0979936390595815,1930,0
1.0475490954700126,588,0.0538184682760988,0.732603646247178,1980,0
0.7505830786166967,423,0.5794802004375796,-0.1167266178355194,1940,0
-0.7377813751197019,578,0.6105569208971658,-0.3890736625038636,2007,0
0.7078180129838906,297,-0.5778764108754184,0.3577108048208866,1956,0
-1.3552551742890226,520,-0.7615143301086037,-2.260872514569943,1949,0
-1.3552551742890226,290,-1.636618035121326,-2.260872514569943,1957,0
0.6520001053314537,530,0.9358930635316568,-0.5858968808319212,1969,0
0.4439794502319816,392,-0.5149021992170554,-0.5858968808319212,1924,0
-1.3552551742890226,216,-0.1690007737153842,-0.8336567840387785,1910,0
0.3358914252532422,280,-1.1629363120599487,-1.364265919790165,1970,0
0.8212897246572951,719,-0.0087878674306757,-0.2855516199462182,1990,0
0.902405599982311,396,-0.5173961558829288,-0.460472098705547,1951,0
-0.7377813751197019,570,0.1111032491457012,0.9970886761169984,2004,0
0.8578418571107155,1069,1.6002477424598864,0.5468951751008807,1998,0
0.9604166646513158,576,1.2835943435356154,1.877003896660124,1970,0
0.7748332337269185,632,-0.5474851334576503,0.3381539874986558,2006,0
-1.3552551742890226,352,0.6565800533363282,0.0352595347842267,1954,0
1.284869149096864,0,-0.0130081103525424,0.8739042717715905,1977,0
-0.5669513950350598,460,-0.537422182185643,0.3923805936111418,2009,0
-1.3552551742890226,288,-0.8023582823084493,-1.1231444950478064,1926,0
0.6658021641698573,831,1.911392581837344,0.239760136859605,1976,0
-1.3552551742890226,527,0.5340189989487396,-0.3559838770237905,1998,0
0.6594620840895761,528,-0.2592734952828909,0.6401653438120145,1963,0
1.034058234118282,288,-0.968581771631279,0.0397554118882299,1968,0
-1.3552551742890226,462,1.5591494146879763,0.5554095923140427,1991,0
0.8160602480710474,280,-1.285831964711929,-0.1972311567642078,1954,0
-1.3552551742890226,532,1.0135284022142297,-0.7235140172996314,1910,0
-1.3552551742890226,0,-1.5511792494632817,-1.485009677714695,1923,0
-0.6875527711403598,627,0.2186043385419543,1.1068195407353083,2006,0
0.5825823758477401,576,1.1501489948378942,-0.1879904786281623,1969,0
-1.3552551742890226,576,-0.0641161901146953,-0.5084556731865537,1918,0
0.8393394930160157,398,0.2939313113857496,-0.4533014623562993,2004,0
1.0106478622657138,676,-0.1402332308345598,0.2814297406252474,1972,0
0.711800956797999,338,0.3674248816054697,0.4527567675800121,1958,0
-1.3552551742890226,240,-1.2665973781244788,-0.2622143368759758,1938,0
-1.3552551742890226,672,0.864112347286491,-2.260872514569943,2003,0
0.649855008539873,484,-1.1846305336269178,-0.1235962947696894,1977,0
0.565999888243065,608,0.6413168694296435,-0.2622143368759758,2001,0
1.2472418486895145,636,0.4806985009820275,1.3708174098547627,2004,0
0.769300530505416,240,-1.2096156947839702,-0.1419432917060038,1948,0
1.014823889046521,576,-0.0193495472128333,0.3403289416037085,1956,0
-1.3552551742890226,905,1.359574739493112,0.0464948987342339,2001,0
0.3259426287854683,550,0.5357802278668252,-1.2112776174377515,1979,0
0.397299709468974,447,-0.4777375278905972,0.0801150350596318,1957,0
0.4107399739239498,286,-1.0035363452570456,0.0127453085266692,1959,0
1.161936003711021,772,0.4985768627788179,1.4063759717401287,2007,0
0.7352928504369214,478,0.1573593010162278,0.3511963002329961,1976,0
-1.3552551742890226,776,0.0887278819729247,0.974606086143958,2006,0
1.014823889046521,660,0.2477990265855963,0.7618469167392116,2007,0
-1.3552551742890226,573,-0.537422182185643,0.3923805936111418,2001,0
0.8636449543444702,544,0.2555368463914315,1.1451821485506506,2002,0
0.2015636397118352,484,0.6481100400102257,-0.713591609886238,1972,0
1.2142561241501066,528,0.2613272280514818,0.6317211389833364,1923,0
0.5860892850629287,673,0.5410577565065879,-0.3938125322828179,2003,0
-1.3552551742890226,890,0.3072548702966852,1.1310632108099037,2007,0
1.180086917894854,676,0.864112347286491,1.8293507395758908,2005,0
-1.3552551742890226,650,0.4771100863235439,-0.4365968545383073,2009,0
-0.6875527711403598,826,0.4117783171661693,1.3113240099921342,2006,0
-1.3552551742890226,273,-0.9830971670706184,-0.9431620418949702,1885,0
1.2691482843246853,706,1.9258591010489707,1.6873024710628728,2005,1
0.5707747645347784,576,-0.0448492217619854,0.8428929551635712,1964,0
-1.3552551742890226,192,-1.2729953476205964,-0.1879904786281623,1916,0
0.8019521630098606,576,-1.1536861453396925,-0.1007193604419804,1995,0
0.9794089938244592,540,-1.159849783138995,-0.2203791040500307,1969,0
1.0608412656679738,384,-0.957019353838416,0.0487402427795277,1966,0
1.2203892875596978,758,0.572530587099658,1.48895386211244,2006,1
-1.3552551742890226,427,0.5234299882307795,-0.4700437741641594,1998,0
0.5139469797558439,480,0.0372498806327942,-1.2626804143402028,1963,0
-1.3552551742890226,493,0.4191076168740238,-0.472438634274656,2002,0
0.5291918856813483,576,0.582949015001167,1.50070661528309,2005,1
0.5802354518471241,600,1.803510661979033,0.7095701707418213,1977,0
1.6404555356734336,884,2.6915981018201043,2.283432520103847,2007,1
0.8603337718197378,0,-1.865272256633742,-0.5858968808319212,1924,0
0.9750623978377312,544,-0.7777858247399843,0.0127453085266692,1961,0
0.635766601971456,459,-0.1380316425962867,0.0375077623880259,1963,0
0.5062056406861701,440,-0.1292412916076641,-0.8640243744418628,1978,0
-1.3552551742890226,0,-2.748661105908848,-2.260872514569943,1946,0
-1.3552551742890226,480,-0.5677120224251269,-1.0494379182993825,2004,0
-1.3552551742890226,398,-0.0684144721645606,0.7388768264709108,2004,0
-1.3552551742890226,792,0.2767141852140315,1.1673347860954506,1967,0
-1.3552551742890226,400,0.145360626428494,-0.5664577704031292,1929,0
0.7467874435503956,528,-0.4240423390398792,0.4913753260408741,1971,0
0.6906655340803689,288,-1.4374996778820917,-0.3654234899094467,1967,0
0.9815742844951884,576,-0.6761804530003448,0.2748626560986137,2004,0
0.7992799914715845,432,-1.2348086561084757,-0.3654234899094467,1921,0
0.0676497651153961,596,1.512392563605052,-0.0301937309658206,1965,0
0.80903614458195,632,-0.4876035417353133,0.4355443900771754,2007,0
0.4411493828281057,352,-1.5687815091259727,-0.3938125322828179,1972,0
0.4838207551143091,575,0.9574045258501236,-0.5301517189414691,1989,0
0.9923218562062984,592,0.8672690309429119,0.1158364162558678,1998,0
-1.3552551742890226,282,1.1038350938197787,0.5298447916395261,1926,0
-1.3552551742890226,460,0.3952220437990681,-0.1856819499144766,1999,0
0.0102113797348004,533,0.339369419857328,1.2075061001861531,1993,0
-1.3552551742890226,252,-0.2319074993352701,-2.260872514569943,1957,0
1.3865151189112388,606,0.8924042616805026,1.844617885596864,2009,1
0.5139469797558439,325,0.7564078726040309,-0.0915860950293276,1954,0
0.8290730344842463,504,-1.4989775849803155,-0.4509127907080213,1983,0
-1.3552551742890226,474,0.3562339603300603,-0.6347310108154968,2003,0
0.3209136432720731,240,-0.3617895806578415,-0.7434031569388851,1947,0
-1.3552551742890226,779,1.3955346768078878,0.2089362525966703,2002,0
-0.1875244439455682,516,-1.7431757789718036,-0.5084556731865537,1963,0
1.024492694671317,786,1.2504355508909346,0.3750612672780104,1988,0
1.0817118174155935,456,0.7792333099664718,0.1202915519604212,1890,0
0.4033046167133865,240,0.3933768407516652,-0.266876286904521,1941,0
1.0064521813938112,620,0.7383516545188819,1.6795808267420111,2005,0
-1.3552551742890226,722,0.2516704147402545,1.1411499029307464,2007,0
-1.3552551742890226,484,1.106750652497644,0.7116661972747315,2003,0
-1.3552551742890226,766,0.9219827940450248,1.800678428557245,1988,0
-1.3552551742890226,656,1.5047415046874264,0.3250938417335406,2003,1
0.5190633772416928,509,1.192931373787637,-0.3183406442630074,1968,0
-1.3552551742890226,480,-0.5677120224251269,-1.0494379182993825,2005,0
-1.3552551742890226,648,0.9726764449248462,0.0420024839822854,2003,0
-1.3552551742890226,648,1.388907729179823,-0.1488339260676922,2000,0
1.1625270281958555,739,0.7052427180039729,1.2854532060758432,1971,0
1.1870201622574914,772,0.7482138952324145,1.6583229072394936,2004,0
0.3835991622716185,0,-0.1980447439289814,-0.9354590766840574,1940,0
-1.3552551742890226,500,0.4337130489660611,-0.4509127907080213,2003,0
-1.3552551742890226,0,-0.0856689982811221,-1.843677816181036,1920,0
0.2015636397118352,578,0.8099370044581289,1.031747053065182,1966,0
0.8461147253846546,472,-0.4975018431002914,0.426926876737428,1988,0
0.8960663611259982,472,0.3785744764262537,-0.2087968378277488,1998,0
0.6056639939424836,432,-1.2474841441946818,-0.169540528524359,1965,0
1.1713479902403716,768,0.4878625578820197,1.3945344538434976,2007,1
0.3881956486394537,280,-0.9368907729775264,0.0487402427795277,1954,0
0.5404247147287918,288,-0.4777375278905972,-0.2808786414494816,1961,0
-1.3552551742890226,410,0.1812146003163872,-2.260872514569943,1979,0
0.5767014612896093,0,-2.5332580146822137,-0.9714900611719468,1972,0
0.2518985109465326,286,-0.8548980170088625,-1.1924636795851329,1970,0
1.351190002016805,840,0.4044311803858977,1.3033696305404694,2006,1
0.6626385078196259,456,-0.7132182810944806,0.2441551873278362,1961,0
-1.3552551742890226,895,0.6565800533363282,1.5846191560647456,2006,0
-1.3552551742890226,843,0.1930719667176535,1.080498370335055,2001,0
0.7562435372218008,404,0.1252563097131688,0.0912933791690673,1960,0
-1.3552551742890226,492,-0.0108972520970962,-0.605389662423806,1999,0
-1.3552551742890226,577,0.0682418185602128,0.931559601037338,1999,0
0.394278042795803,264,-1.1629363120599487,-1.364265919790165,1971,0
0.3727556493299594,234,-2.33602929996567,-0.8640243744418628,1941,0
0.4239310551680298,240,1.2629128927288973,-0.7434031569388851,1939,0
1.2972655567189006,888,0.984838534659222,1.977485604038536,2004,0
-1.3552551742890226,430,-0.7642201777773305,0.2023177135270126,2006,0
-1.3552551742890226,0,-0.7669284469101423,-2.260872514569943,1954,0
1.1428232224590276,416,0.7301084213560735,0.9500283446366844,1957,0
0.7848807128887869,389,1.1957620566039384,0.8821591793264646,1958,0
1.151831059383022,533,1.3555525685178156,0.5936364508452825,1996,0
0.51137550346197,540,0.9497394641583196,-0.5084556731865537,1964,0
0.655206785925931,360,-1.636618035121326,-0.4389809337454715,1982,0
0.7391425246844585,684,0.6413168694296435,-0.4892245303087638,1997,0
-1.3552551742890226,672,1.7274039996195842,-1.0809101357100934,1922,0
1.0354164569418802,447,0.4914382202376147,0.7868490642079194,1959,0
0.8619909813377841,472,0.4391719196096935,-0.1718444933957466,2000,0
-1.3552551742890226,198,-0.1512652914859182,-0.5956365191717323,1937,0
-1.3552551742890226,480,0.471719453151411,0.8656431625439664,1956,0
-1.3552551742890226,704,1.726217968979521,-0.7483847519416094,1890,0
-1.3552551742890226,720,-0.0641161901146953,-0.3654234899094467,1915,0
0.7948071161890112,308,-1.7431757789718036,-0.5084556731865537,1957,0
-1.3552551742890226,479,-0.1645571373702077,0.1247444746092761,1976,0
-1.3552551742890226,615,-0.0087878674306757,0.8780324993921775,1970,0
0.3601538150271502,240,-0.3594206493844947,-0.8640243744418628,1948,0
-1.3552551742890226,400,0.0579464566696834,-1.6471702851129848,1995,0
0.9226913886995176,455,1.004497900496446,0.1846449001013708,1996,0
-0.5938938339000034,758,0.2361549960159169,1.125007016452996,2007,0
1.099590007748838,529,0.4245929379114393,0.715857002723889,1954,0
-1.3552551742890226,0,-0.5880750662551923,-0.7434031569388851,1949,0
-1.3552551742890226,779,0.620845115235795,0.1358671328781932,1900,0
0.5391849072596187,868,0.9266266833371972,0.7722715617750479,2006,0
-1.3552551742890226,436,-0.3194302072976263,0.5851539674653845,2007,0
-1.3552551742890226,440,-0.7832291554204152,-0.9252035150587016,1920,0
1.1027461717811542,478,0.6071197134613987,1.5280874843954588,2009,1
-1.3552551742890226,402,-0.4361623501552016,0.4463056540404047,1995,0
0.3633256692521122,480,-0.8409831075797529,0.0127453085266692,1984,0
0.817807053690604,500,-0.8942035475512392,0.0979936390595815,1971,0
-1.3552551742890226,373,0.2536042493379206,-0.5325664157499442,1995,0
1.1852916216046625,586,0.1593544544282015,0.6486026755098689,1979,0
0.8503217228890977,390,1.0745233654333612,-0.0961514835532373,1999,0
-0.1609111616023173,525,-0.2228402763978019,-0.5012380503701518,1958,0
0.1535302631743504,240,0.6952387700195595,0.0127453085266692,1931,0
0.9537454571605612,261,-1.035936439055261,-0.0120880382192304,1961,0
0.9031947235012598,576,1.686814524858969,-0.2111119606857907,1973,0
-1.3552551742890226,564,0.1111032491457012,-0.6691204807882336,2005,0
0.3835991622716185,621,1.2973035430642543,2.283432520103847,1970,0
-0.6875527711403598,484,-0.1645571373702077,0.728419465954163,2006,0
0.9552323483029274,572,-0.4143811816502142,0.4999368855581577,2006,0
0.7157642140693709,510,0.8195683375793056,-0.5060490034810683,2002,0
-1.3552551742890226,818,0.4806985009820275,1.3866338233473567,2007,0
0.6101982422004785,576,-1.5687815091259727,-0.3938125322828179,1971,0
-1.3552551742890226,380,0.5074764893691065,-0.146536408172641,2004,0
-1.3552551742890226,368,0.558583165757084,-0.7558641804825252,1920,0
0.493120587454054,270,-0.2799617951522874,-1.028550905274849,1953,0
1.3003402255746748,594,2.429631542635314,1.3450723768427175,1990,0
-1.3552551742890226,0,-0.1980447439289814,-0.8336567840387785,1914,0
-1.3552551742890226,0,-0.3100970628871972,-0.7235140172996314,1940,0
0.7467874435503956,396,-1.928214464927989,-0.6249368182831097,1972,0
0.9141671148616288,205,-0.8970307118708784,-0.0984351105537943,1939,0
0.3521603453973364,308,-0.6111485301216216,-0.9226422996377048,1948,0
-1.3552551742890226,400,0.0205899310808377,-0.7235140172996314,2007,0
-1.3552551742890226,429,1.3968583189326926,-0.1350584027960694,1999,0
0.7739137046870709,420,-1.6258055744791238,-0.4318309791416084,2003,0
1.197894793104127,846,1.4506329330560912,1.3629015964374442,2007,1
-1.3552551742890226,216,-0.2138001690255607,-0.3465558521827325,1925,0
0.7177385298958671,540,1.1443985219005222,0.2067306021798855,1935,0
0.7285115011653543,570,-0.2410020004775224,-0.9534478302473264,1920,0
2.487118756967861,1418,2.6915981018201043,2.283432520103847,2008,1
0.53044833688779,484,-0.2228402763978019,-0.023399618470265,1958,0
0.632478978868262,552,0.8845719808099399,-0.4700437741641594,2009,0
-1.3552551742890226,548,0.049684831934907,-0.2134277478398448,1954,0
0.2951974097845535,508,1.212690551074334,1.135098931018766,1968,0
1.2270353675615155,504,0.5410577565065879,1.4536298583390164,1963,0
0.4551901270577122,603,0.6105569208971658,-0.3890736625038636,2005,0
0.6772948849161734,286,-0.980188515418734,0.0307613424685179,1956,0
-1.3552551742890226,572,0.5410577565065879,-0.3938125322828179,2004,0
0.2252757161487304,0,1.484243156106233,-0.8336567840387785,1872,0
0.8619909813377841,438,-0.707899325762807,-0.3843377492903769,2003,0
1.241278823601848,670,0.3091534459295355,1.1612972942527515,2001,0
-0.4145503110424516,451,0.8609523563721121,0.0397554118882299,1958,0
-1.3552551742890226,528,-0.1801385295359051,-0.9921762054207566,1910,0
0.1224113964165207,308,-0.7025897034817701,-0.1235962947696894,1952,0
-1.3552551742890226,662,-0.3381833719888004,0.5511532786259475,2006,0
0.3408124339984436,160,-0.4483311285838511,-0.2808786414494816,1930,0
0.3866668178870101,527,-0.0576802085295148,-1.576940849757662,2002,0
0.7674479637484913,467,-0.0130081103525424,0.8739042717715905,1981,0
-1.3552551742890226,0,-0.723884322141961,0.2353630053170758,2006,0
0.9203749146809744,484,1.118384770872881,0.162505687589432,1973,0
-1.3552551742890226,595,0.3822818768699949,-0.551913245406879,2003,0
1.1133968425411491,575,0.453680831594542,0.8076398903376081,1994,0
0.4195610604448473,440,-0.522390246543138,-0.7061594162753002,1941,0
0.9318957992208527,528,-0.7185466022416861,0.239760136859605,1976,0
1.0874965554554457,602,-0.8051009113049187,0.1403123502736716,1978,0
1.050223208415659,240,-0.660444839303307,0.2879922397910223,1950,0
-1.3552551742890226,189,-0.5880750662551923,-1.0599096038565825,1920,0
-1.3552551742890226,626,-0.0512579050233559,0.8366801240352832,2004,0
0.7894075218817581,450,-1.464669351816691,-0.3230360530051788,1967,0
-1.3552551742890226,1043,0.9126735072976452,0.1069194849589337,2005,0
0.3988057160603426,564,0.6515008989217472,-0.1626325216509457,2001,0
0.3789724412826892,280,-1.36401520563643,-0.8640243744418628,1941,0
0.7147752331365602,264,-1.9924903228557345,-0.6839118154522725,1984,0
0.4689640522624789,240,0.5620760685652763,-0.5470716441171425,1940,0
-1.3552551742890226,389,0.2939313113857496,-0.5277378305130123,1992,0
0.5907402712634219,720,-0.13143648369791,-0.2855516199462182,1952,0
-1.3552551742890226,453,-0.4047507902815577,0.4892337869688343,2005,0
-1.3552551742890226,422,1.0165325691458444,-0.3843377492903769,2006,0
0.7748332337269185,630,-0.2455595316007201,0.6864863113257554,1977,0
0.5942100576875484,462,-0.4385921919544963,-1.0494379182993825,1999,0
0.0183764079628841,216,1.692817991774307,-0.7583592062594783,1916,0
1.4417312852598922,672,1.5402813324889455,2.283432520103847,2008,1
-1.3552551742890226,502,-0.1823710139781703,-1.0207374459983494,1920,0
1.256920562090181,807,2.6915981018201043,1.844617885596864,1995,0
0.655206785925931,721,1.685612393716976,0.3728941676163445,1995,0
-1.3552551742890226,528,-1.2987232027717748,-2.260872514569943,1952,0
0.907129510756956,336,-1.4038765825888244,-0.2808786414494816,1967,0
-1.3552551742890226,615,0.2166479548399382,-0.6543610829351253,2005,0
0.5731509895789503,248,-1.285831964711929,-0.3938125322828179,1954,0
0.8912809783964794,644,0.7514941573367288,-0.3089583132917187,2009,0
-1.3552551742890226,440,-0.4925486433166319,-1.485009677714695,1910,0
0.769300530505416,0,-0.8885571277864237,0.1024576789518949,2004,0
-1.3552551742890226,280,-0.4434577401020005,-0.828609565609884,1918,0
0.7637302011051964,442,0.3280738339043251,-0.5956365191717323,1964,0
0.8316514603641675,574,0.9064513131727516,0.0352595347842267,1993,0
0.6401286310234496,300,-0.1667781389454187,-0.8640243744418628,1925,0
-1.3552551742890226,392,0.0744022371268241,-1.6471702851129848,1992,0
-1.3552551742890226,280,-0.980188515418734,-0.0938684786434341,1922,0
-1.3552551742890226,529,-0.1601200242458049,0.732603646247178,2007,0
1.0265510597315606,471,-0.3334841653442914,0.5106285268598019,2001,0
0.5767014612896093,299,-1.1536861453396925,-0.1007193604419804,1994,0
-1.3552551742890226,240,0.0887278819729247,-0.6005113971832174,1940,0
-1.3552551742890226,947,1.235114977402007,0.0644415999548586,2006,0
-1.3552551742890226,388,-0.4047507902815577,0.5084911124212715,2007,0
-0.6538039676077853,676,-0.522390246543138,0.4053498122393821,2009,0
-1.3552551742890226,306,-1.3377293261418466,-0.2342998741226575,1950,0
0.2213830038796973,440,-0.2730499530512862,-0.4151742678138777,1974,0
-1.3552551742890226,255,0.3730048257970666,-1.3587223283249323,1910,0
1.1921868890330691,498,0.066185551010497,0.9520785463544382,1960,0
-1.3552551742890226,0,-0.6085761045308256,-0.8996390742123512,1910,0
0.7930111703927425,548,0.5092532701655528,-0.4127977515044402,2003,0
0.8511606090075726,470,-1.4038765825888244,-0.3371393488813438,1978,0
0.2055760648458635,538,1.1701896955194384,-0.0483378082335078,1967,0
-1.3552551742890226,400,-0.111736919076897,-1.6471702851129848,2006,0
0.7216726730724883,624,-1.2158943196027725,-0.146536408172641,1963,0
0.626968537816492,888,-1.0211661314928688,-0.0506085359125434,1976,0
-1.3552551742890226,565,0.5269637878530002,-0.4032991763354744,2004,0
-1.3552551742890226,256,-0.1270476927697954,-0.5205010028319464,1954,0
0.8046157476226468,312,-0.1935582361210575,-0.0347261368048794,1959,1
0.7848807128887869,461,-0.4095621524265836,0.5127654853033017,1960,0
-1.3552551742890226,390,0.0785022150077916,-0.688849413782945,2005,0
0.5767014612896093,504,0.6088388065546435,0.0666823661864384,1987,0
-1.3552551742890226,270,-1.7544157733901362,-0.5156804697676902,1930,0
0.5707747645347784,0,-1.98438097475818,-1.2626804143402028,1935,0
0.4891493463162943,505,1.0877489226064496,-1.088805195667646,1960,0
0.8595039488094243,600,0.1292878916528969,0.9171738532179284,1988,0
-1.3552551742890226,343,0.0723501597249694,-0.7883736518001254,1994,0
0.8644707316915825,576,-1.2474841441946818,-0.169540528524359,1970,0
-1.3552551742890226,420,-1.0035363452570456,-2.260872514569943,1950,0
-1.3552551742890226,420,-1.0035363452570456,-2.260872514569943,1949,0
0.3851346613268359,216,0.6683982703214563,-0.5640316209647431,1920,0
-0.37334266210262,550,1.7919264504378056,0.3316261509072705,2007,1
0.0396175375714,528,0.0414005536359158,0.9274512835030752,1959,0
0.7748332337269185,416,0.4044311803858977,-0.828609565609884,1915,0
-0.4597811420054047,678,1.128527922140723,0.1024576789518949,1993,0
1.351675805842714,538,0.3543647674611744,1.1451821485506506,2006,0
0.6947347214281252,667,1.3915602576754114,0.589396088419956,1953,0
-1.3552551742890226,1020,2.028443572079322,1.4654155316896182,2008,1
0.7830630032547615,390,1.0656739841435647,-0.0961514835532373,2000,0
0.9063439922889168,375,-0.2410020004775224,0.2901787231384889,1953,0
0.6412153374329438,400,-1.464669351816691,-0.3230360530051788,1954,0
1.373770429963599,473,0.5251974052185887,1.4359305765351291,1993,0
1.0231178187074723,525,1.171616088401074,0.4161443060383186,1994,0
0.6423005332279885,461,-0.4410239875585252,0.4763748634972507,1964,0
-0.1609111616023173,297,-1.4038765825888244,-0.2808786414494816,1958,0
-1.3552551742890226,0,-1.2221859852973909,-1.0494379182993825,1910,0
0.5623988937632337,613,0.7135540773105794,-0.2134277478398448,2003,0
0.7983873483903641,566,0.2574682074787455,-0.5567581265672719,1976,0
0.5767014612896093,0,-2.125277002000943,-0.7434031569388851,1920,0
1.288501071911036,770,0.9543408387778816,1.9396535866159503,2004,1
0.1292105851698764,440,0.3468764027407774,0.3837248060759909,1984,0
1.1783456110631114,529,0.311050828582825,1.2034950882919453,1977,0
0.4122177591772416,216,0.3374897542216376,0.2551337390552279,1926,0
1.196186031686103,319,0.3072548702966852,0.9643718930120988,1957,0
-1.3552551742890226,583,1.1601860005244224,-0.8210461840185259,1972,0
-1.3552551742890226,380,0.5074764893691065,-0.146536408172641,2004,0
1.0667596914930637,522,1.147275129642604,2.183769246522852,1968,1
0.632478978868262,0,-1.904457826477591,-1.1978324087275884,1931,0
-1.3552551742890226,0,-1.81890816583714,-0.5567581265672719,1922,0
-1.3552551742890226,511,0.5039197869501436,1.3708174098547627,1981,0
1.2024364883687697,789,1.219716123933973,1.1633101354179065,2007,1
-1.3552551742890226,512,0.5198920463597088,-0.3559838770237905,1996,0
0.2792859602006679,504,-0.1823710139781703,0.7116661972747315,1961,0
0.7930111703927425,546,0.6582712066729403,-0.5616062980591537,1998,0
1.305443302935648,482,0.4044311803858977,1.1994827222665123,2008,0
0.7157642140693709,324,0.0744022371268241,-0.9200821500259216,1920,0
0.5695838588570318,450,-1.0776807474190837,-0.6249368182831097,1925,0
0.459349787697547,240,0.2651813236195504,-0.5325664157499442,1941,0
0.3342432521109492,490,-0.8716807882042309,0.1158364162558678,1954,0
-1.3552551742890226,0,-0.522390246543138,-0.8640243744418628,1971,0
0.7618649610586177,528,-1.5829372810324869,-0.4509127907080213,1982,0
-1.3552551742890226,0,-0.723884322141961,-1.1125563181090297,1910,0
-1.3552551742890226,270,0.1151537515685621,-0.605389662423806,1931,0
0.3209136432720731,490,-0.6578301748612079,0.2067306021798855,1966,0
0.7167519785104608,440,0.9235315518379114,-0.4032991763354744,2002,0
0.2115486535760744,541,1.0315086686645445,0.2639072845174526,1998,0
0.4239310551680298,299,-0.1161035169066305,-0.8210461840185259,1977,0
1.151831059383022,532,0.1930719667176535,1.080498370335055,2005,0
0.4621097125094368,624,-0.2615652164031538,0.0644415999548586,1959,0
0.7618649610586177,240,-0.2684508216266414,-0.8640243744418628,1936,0
0.6390404091543557,434,0.2146903030300024,-0.7608551762891098,1975,0
0.5611947469361995,750,2.0155407745842,0.9007101591739484,1990,0
-1.3552551742890226,840,2.6915981018201043,0.162505687589432,1892,1
1.000121339412275,308,-0.2592734952828909,0.6864863113257554,1959,0
0.9987083408290716,628,1.6844097824316344,0.388053666716868,1989,0
-1.3552551742890226,0,0.145360626428494,-0.5640316209647431,1919,0
0.8151854700265937,246,-0.9541356358415936,0.0509850121934839,1953,0
1.2853888249771228,612,1.1787379452216526,0.988918363121053,1983,0
1.2092085455631991,808,0.3618346058528612,1.23154385441151,2002,0
1.0231178187074723,531,-0.5983082196605649,0.3403289416037085,1959,0
0.9728810317490392,754,0.0372498806327942,0.966419476506432,2007,0
0.9492695478594468,402,-0.5273925962735715,0.4010286623449952,1998,0
-1.3552551742890226,866,0.3711459900011835,1.2515384671161125,2006,0
-1.3552551742890226,576,-1.36401520563643,-0.8640243744418628,1949,0
0.0701350106144837,270,-0.945500925816873,0.0577158795397632,1968,0
0.645547105015869,440,0.2068469818664198,-0.5373982396022567,1976,0
0.2828544390468361,246,-2.748661105908848,-1.934778475528935,1920,0
-1.3552551742890226,220,-2.0128590284660284,-0.6765121357111168,1945,0
0.4983824787109817,288,-1.4714999997849711,-0.3277343012937131,1967,0
0.87594803532165,540,-0.5931873161700109,0.1602887997200956,1962,0
0.7007998073704087,514,-0.111736919076897,0.7785214855744135,1963,0
-1.3552551742890226,400,0.9235315518379114,-0.169540528524359,1952,0
0.7496358298606519,420,-1.6258055744791238,-0.4318309791416084,2003,0
1.0588598431439886,484,-0.2341785609039481,0.5999937047151199,1990,0
-1.3552551742890226,360,-1.865272256633742,-0.5858968808319212,1928,0
-1.3552551742890226,300,-1.285831964711929,-0.1972311567642078,1968,0
1.0791290123907478,439,-0.6240435698339412,0.3141966814809652,1973,0
0.7821526412853459,490,0.9589352029500844,-0.128179236909094,1999,0
1.367575743599009,560,0.5410577565065879,1.4536298583390164,1976,0
-1.3552551742890226,504,-1.944156213597703,-0.843763200995245,1925,0
0.5366991263339025,297,-1.159849783138995,-1.4228543935216185,1973,0
0.2899351730219616,528,-0.5074326433385369,-1.0181352639401762,2009,0
-1.3552551742890226,288,-1.1629363120599487,-1.364265919790165,1972,0
0.7333611225500151,493,0.8419225696777342,-0.2738743624425402,1994,0
0.8221581259136914,596,-0.7132182810944806,0.2441551873278362,1956,0
0.6967615459394881,564,-1.027065611526169,-0.0053082220039104,1978,0
0.8984490678303816,521,1.0745233654333612,0.2595215420059172,1988,0
0.7372199761016841,576,-0.7941452758503542,0.1780087826550695,2004,0
0.6147059927723547,480,0.5340189989487396,1.3589417813661018,1967,0
0.3292749181561636,264,-0.522390246543138,-0.8640243744418628,1972,0
-1.3552551742890226,294,-1.6510948955169993,-0.7409137616822891,1950,0
-1.3552551742890226,461,-0.8660761857992295,0.089058836548089,1986,0
0.7372199761016841,336,-1.5687815091259727,-0.3938125322828179,1978,0
1.275467198841092,758,0.7085700097229954,1.6215232174334135,2005,0
-1.3552551742890226,288,-0.8023582823084493,-1.2355642453331603,1920,0
0.686575424731964,576,-1.4038765825888244,-0.2808786414494816,1965,0
0.6101982422004785,671,1.3689389768088032,0.2617146705326607,1999,0
0.7486874764113773,264,-1.3673170321906034,-0.3654234899094467,1984,0
-1.3552551742890226,414,-1.4105714236078826,-2.260872514569943,1953,0
-1.3552551742890226,400,-1.0035363452570456,-2.260872514569943,1950,0
0.3259426287854683,338,-0.1556894152779883,-0.4509127907080213,1920,0
-1.3552551742890226,732,1.1630475884965437,2.2042355595585006,2006,1
-1.3552551742890226,434,0.9219827940450248,-0.4342135367172162,2004,0
-1.3552551742890226,576,0.1891246811845566,-0.2459190248701397,1936,0
0.6280737566117222,244,-0.3999470709333768,0.5127654853033017,1954,0
0.2075730243040786,308,-1.2474841441946818,-0.169540528524359,1920,0
-1.3552551742890226,672,-0.8409831075797529,0.1403123502736716,1994,0
0.4411493828281057,320,0.6105569208971658,-0.3559838770237905,1914,0
-0.1285129903633227,271,0.4337130489660611,-0.4127977515044402,1950,0
-1.3552551742890226,576,-0.1161035169066305,0.7743552742370133,1968,0
-1.3552551742890226,280,-0.0727188765580336,-0.5956365191717323,1939,0
-1.3552551742890226,860,0.3636991814092015,1.2435446230262284,2008,1
1.0932449329532392,569,-0.4654500962478613,0.4549062008454801,2006,0
0.710807075231375,624,-1.928214464927989,-0.6249368182831097,1970,0
0.8125556083021445,924,0.3822818768699949,0.5724170190646053,1954,0
0.9844531023066314,567,-0.0576802085295148,0.8304637483086463,2007,0
1.151233235417254,0,-0.5677120224251269,0.3663899445108929,1987,0
0.7177385298958671,484,0.0682418185602128,-0.7309654906590594,1972,0
0.6147059927723547,601,-0.0684144721645606,0.3316261509072705,1958,0
-1.3552551742890226,513,-0.2228402763978019,-0.9869979658714332,1916,0
-1.3552551742890226,672,1.4349931323940412,-2.260872514569943,1948,0
0.2387213600102727,0,-1.8497386797729427,-0.5761706600316168,1941,0
0.3192290756453741,440,-0.0108972520970962,-0.4151742678138777,1978,0
0.7038151562547579,300,-1.5687815091259727,-0.3938125322828179,1959,0
0.7078180129838906,528,-1.5687815091259727,-0.3938125322828179,1971,0
-1.3552551742890226,888,0.6242667334600613,1.1673347860954506,1958,0
0.8528358831695773,304,-0.957019353838416,0.0487402427795277,1968,0
0.382060303902619,0,-1.4307451487513236,-0.8361818879844807,1922,0
0.6689531705554612,484,0.066185551010497,0.9356664056052229,2009,0
-1.3552551742890226,379,0.3167358335872602,-0.4509127907080213,1915,0
0.7246107094995432,588,0.6481100400102257,-0.3725108446231971,1999,0
0.4282745211951595,484,0.7776086366854956,-0.5956365191717323,1976,0
0.3912433988216158,264,-0.522390246543138,-0.8640243744418628,1973,0
1.3818137345563164,1220,1.1096633941282397,2.124066014174707,2007,1
0.6562727738497005,440,0.0205899310808377,-0.4151742678138777,1976,0
0.8976555676629341,276,-0.428884516351273,0.487091787291404,1965,0
0.53044833688779,393,0.1292878916528969,-0.5883305291268526,2002,0
0.8519986618005789,180,1.4349931323940412,-0.0143491636569221,1945,0
1.1071466747902894,864,1.8081318932003076,0.728419465954163,1918,0
-1.3552551742890226,544,-0.1534765439180344,-0.5956365191717323,1937,0
0.5976642092342274,264,-0.8465413974456867,-1.0809101357100934,1958,0
1.0791290123907478,0,1.2739606598583446,0.5213087682448019,1900,0
0.9677700471958924,530,0.0989190530380942,0.9848309922201952,2002,0
-1.3552551742890226,384,-0.2183168433742083,-1.1550298406455717,1910,0
0.6793666379977867,0,-1.1536861453396925,-0.1007193604419804,1994,0
-1.3552551742890226,360,1.484243156106233,-0.2925662957417775,1908,0
0.4757545441665738,326,-1.6802576536460785,-0.4676496917349449,1954,0
-1.3552551742890226,642,1.6395720904700544,0.1336437013314265,2005,0
-1.3552551742890226,878,1.129974161660194,-0.0098275066187053,2005,1
0.5216084378416687,288,-1.4476597829239002,-0.3938125322828179,1967,0
1.0217408279798348,736,1.440215426280873,0.3120157478442569,2005,1
0.8545078392075102,600,-1.464669351816691,-0.3230360530051788,1972,0
0.4957562288278721,529,0.2593983341747866,1.1492130082618068,1992,0
0.7848807128887869,420,-1.6258055744791238,-0.4318309791416084,2004,0
-1.3552551742890226,225,0.4735174007237372,-0.5108631399747126,1916,0
0.6368593995347638,336,0.0600083376900534,-0.6519042656172275,1977,0
-0.7377813751197019,460,-0.1823710139781703,0.7116661972747315,2005,0
-1.3552551742890226,400,0.0205899310808377,0.523443453544381,2003,0
-0.4145503110424516,576,1.6150546160306354,0.7743552742370133,2005,0
0.4551901270577122,483,0.6582712066729403,-0.5956365191717323,1963,0
-1.3552551742890226,250,0.0538184682760988,-0.7883736518001254,1925,0
1.2281385686668616,660,0.3148420209222868,1.2075061001861531,2006,0
1.180086917894854,529,0.6413168694296435,0.9950466506866804,1965,0
0.8984490678303816,377,0.4209371648653495,-0.0961514835532373,1955,0
0.5930552074520798,286,-2.5332580146822137,-0.9714900611719468,1970,0
1.2827876672273726,900,1.0150308598298987,1.9888152282354183,2009,1
0.734327563350935,528,0.4282442892783462,-0.52291247372228,2001,0
-0.6875527711403598,484,0.7251516487099867,1.710440345712411,2004,0
-1.3552551742890226,432,1.502186826819858,-0.0915860950293276,1892,0
0.4621097125094368,440,-0.3217680019025101,0.2463519336027491,1924,0
-1.3552551742890226,826,-0.4679035922660995,0.4527567675800121,2006,0
0.8545078392075102,336,-0.4581015275882466,0.461351693609667,1957,0
-1.3552551742890226,534,0.6565800533363282,1.5495598646282585,2002,0
0.649855008539873,400,-0.6526076147138269,0.2748626560986137,1992,0
-1.3552551742890226,840,0.2651813236195504,1.1451821485506506,2008,1
-1.3552551742890226,431,0.8419225696777342,-0.1534308853736851,2002,0
-1.3552551742890226,0,-0.5727899476369204,-0.3066144927493798,1920,0
1.2369187151386771,908,0.948204111052312,1.932074808423024,2006,0
-1.3552551742890226,210,-0.2592734952828909,-0.828609565609884,1925,0
0.0896612764964746,252,-0.3999470709333768,0.5127654853033017,1977,0
-1.3552551742890226,625,-0.4434577401020005,-0.9844105276362572,2006,0
-1.3552551742890226,0,0.4264191656382775,-2.260872514569943,1965,0
0.4607310606455244,776,-0.0641161901146953,-0.7733492492360073,1968,0
1.0542195960141776,506,1.3968583189326926,0.3967055908088743,1910,0
-1.3552551742890226,550,0.5092532701655528,1.41820622115407,2004,0
0.7078180129838906,205,-2.601953574771513,-1.0077379940219608,1921,0
0.9626291577413996,368,-0.9743795816114276,0.0352595347842267,1961,0
0.4944395869040665,564,-0.4385921919544963,1.2034950882919453,1960,0
0.8282117914616222,480,-1.1536861453396925,-0.1007193604419804,1994,0
-0.4666266450773843,240,-0.8942035475512392,0.0979936390595815,1950,0
0.6584004184437242,444,1.1140272364656536,-0.4700437741641594,1966,0
0.6855495992452507,572,-0.036325398518104,0.2441551873278362,1960,0
-1.3552551742890226,672,0.6852015419647466,-1.7185950740793583,1900,0
0.5907402712634219,264,-0.7292314739067367,-1.0809101357100934,1958,0
1.0217408279798348,487,0.0785022150077916,0.9643718930120988,1971,0
-1.3552551742890226,420,0.2244658973515316,0.7367861779172018,2003,0
0.0920589358213855,440,-0.5778764108754184,0.3577108048208866,1916,0
0.6068000597765743,624,-1.5687815091259727,-0.3938125322828179,1958,0
0.5587806882782578,260,-0.957019353838416,0.0487402427795277,1954,0
0.8230256249106518,844,1.692817991774307,0.2901787231384889,1994,0
-0.7960089178258333,397,-0.7105576347535413,0.2463519336027491,2005,0
0.0237580213152328,288,-0.8548980170088625,0.1291951893556686,1962,0
-1.3552551742890226,360,-0.0299482729651364,-2.018565818503085,1910,0
1.050223208415659,458,-0.1161035169066305,0.7743552742370133,1957,0
-1.3552551742890226,390,0.0205899310808377,-0.7235140172996314,2005,0
0.8783874280203725,312,-0.9656870248204036,0.0420024839822854,1959,0
0.2194279367631427,0,2.587831966471282,0.8739042717715905,1914,0
-0.3302365084476112,576,-0.3546883472586559,0.0644415999548586,1959,0
0.459349787697547,924,-1.8887228020030769,-0.6937906092142169,1940,0
-1.3552551742890226,264,-0.8548980170088625,-1.2491048958508222,1971,0
-1.3552551742890226,528,-2.0128590284660284,-1.0494379182993825,1926,0
-1.3552551742890226,433,0.5498331818927753,-0.4342135367172162,2003,0
-1.3552551742890226,870,0.3933768407516652,1.2754881742121684,2006,0
1.237464813054222,670,1.202827154566446,0.8615102754515754,2003,0
0.8832453612509187,390,0.2728747897565107,1.247542210511834,1964,0
0.1359368428139011,424,0.5655649335333499,-0.2715409825961707,1882,0
0.7246107094995432,648,-1.0035363452570456,0.0666823661864384,1963,0
0.5291918856813483,275,-1.4038765825888244,-0.2808786414494816,1958,0
0.7458357581660059,836,1.2712025127295283,0.2463519336027491,2000,0
-1.3552551742890226,528,0.4554895522015522,1.3589417813661018,1976,0
0.0799759765937069,1014,2.6338004097951644,-0.7235140172996314,1935,0
0.1748577251930352,484,-0.2868894752703225,-0.248244885222809,1929,0
-1.3552551742890226,621,1.7814624081977917,-1.0181352639401762,1921,0
0.8444260257843662,440,-0.1756785011814801,-0.6322811664529031,1970,0
-1.3552551742890226,648,-0.4240423390398792,0.4913753260408741,2006,0
-0.6875527711403598,824,0.2574682074787455,1.147197751505033,2006,0
-0.3150079999572265,299,-0.8437609766510843,0.1380900156471034,1969,0
0.3505505532275099,264,-1.1629363120599487,-1.364265919790165,1973,0
-1.3552551742890226,380,0.5056986620405302,-0.1327647127120569,2004,0
-1.3552551742890226,870,2.6738867931097268,0.9356664056052229,1880,0
0.491799220746353,492,0.582949015001167,-1.1576952372883185,1988,0
1.172517881923988,513,1.0389689153241983,2.232097980653319,1965,0
-1.3552551742890226,240,-0.2228402763978019,-0.3183406442630074,1936,0
0.380518069268259,288,-0.807846027863435,-1.6827272332100789,1971,0
0.055068734644708,388,0.049684831934907,-0.5616062980591537,1997,0
0.9149455355821968,840,-1.2729953476205964,-0.1879904786281623,1951,0
0.8800098170428376,540,0.4554895522015522,-0.3559838770237905,1988,0
0.0896612764964746,472,0.1433562053341364,1.029711242055817,1964,0
1.0258654633263724,928,0.5515852092768004,1.4654155316896182,2007,1
0.4092591130687985,528,0.1151537515685621,0.9725599917495924,1985,0
0.6573373165227184,474,0.3562339603300603,-0.6347310108154968,2003,0
-1.3552551742890226,216,0.0476158909652865,-0.6543610829351253,1906,0
0.8832453612509187,438,0.2107711885238207,0.1291951893556686,2006,0
-1.3552551742890226,474,-0.1690007737153842,0.7242336339819039,2005,0
-1.3552551742890226,840,1.7756332960629029,0.4720848533801839,2006,0
0.5872546862298997,294,-0.2341785609039481,-0.0120880382192304,1958,0
-1.3552551742890226,486,0.7301084213560735,0.3555397946186372,1998,0
-1.3552551742890226,691,1.602720616002317,0.1846449001013708,2004,0
-1.3552551742890226,393,0.1292878916528969,-0.5883305291268526,2003,0
-0.7377813751197019,527,-0.0257043205704439,0.9027694586458598,2001,0
1.151233235417254,496,-0.3381833719888004,0.5341100900396253,1991,0
-1.3552551742890226,308,0.4554895522015522,-0.4509127907080213,1915,0
0.8848585432177123,471,0.5287291373401998,-0.2435938424857163,1994,0
0.6916847827262733,576,-1.5687815091259727,-0.3938125322828179,1972,0
0.637950666956145,440,0.1131291792497958,-0.6839118154522725,1999,0
-1.3552551742890226,560,1.4571256280107494,-0.8894427379731804,1900,0
0.9728810317490392,604,0.784102086403951,1.6815116620613957,1988,0
1.2092085455631991,630,0.171297778715803,1.0581796916382569,2004,0
-1.3552551742890226,0,0.0785022150077916,-0.688849413782945,1914,0
0.5999583705472328,286,-2.5332580146822137,-0.9714900611719468,1970,0
-1.3552551742890226,312,-0.5677120224251269,0.3663899445108929,1923,0
0.9485213279556058,619,2.081617459719176,0.6443848671609906,1977,0
0.6541393482306455,645,-0.0024685344914634,0.2067306021798855,1964,0
-1.3552551742890226,440,-0.7886822940249859,0.1824333968587922,1962,0
0.8960663611259982,577,1.118384770872881,0.3446773658528516,1984,0
0.9830148663543752,600,-1.3019546012153544,-0.2087968378277488,1979,0
0.2349076922349738,216,0.3224101553773981,-0.1327647127120569,1925,0
-1.3552551742890226,516,-0.3334841653442914,-2.260872514569943,1967,0
-0.1426750181602576,0,-1.654724937294702,-0.8640243744418628,1930,0
0.6412153374329438,486,0.9512740359532472,-0.4700437741641594,1968,0
0.9265384502433942,588,-1.1261039540004567,-0.2064823783717616,1961,1
0.993745055209754,440,-1.2538418327687757,-0.1741491076529661,1976,0
0.2951974097845535,440,1.9247487574095468,-0.419929555238015,1932,0
0.7362569869707594,495,-0.6526076147138269,-0.2738743624425402,1920,0
0.6236434073967818,440,0.7498544721204649,-0.4940275679888105,1964,0
-1.3552551742890226,528,-0.4385921919544963,0.4785191732027751,1959,0
-1.3552551742890226,0,-1.4038765825888244,-2.260872514569943,1947,0
0.8160602480710474,576,-1.0035363452570456,0.0127453085266692,1996,0
0.5036071094801396,440,0.1613482908550612,-0.6543610829351253,2000,0
0.2666447261498723,683,1.602720616002317,-0.0143491636569221,1998,0
1.1695904170891354,546,2.435259936639591,2.283432520103847,1992,0
0.7458357581660059,400,-0.655217767958989,-0.4127977515044402,2005,0
0.0896612764964746,315,0.7416426515932294,0.0127453085266692,1949,0
0.8636449543444702,495,-0.9055280816171184,0.0487402427795277,1975,0
-1.3552551742890226,889,1.4661919552348324,0.5042149137290268,1996,0
0.1447947953745904,576,-1.4680827514537074,-0.4389809337454715,1949,0
1.0189804722060265,508,0.0968835673641833,0.9520785463544382,1997,0
-1.3552551742890226,680,0.9358930635316568,-0.6102713259749131,2009,1
0.6689531705554612,480,-1.1108883644246856,-0.0687962565286155,1970,0
-1.3552551742890226,280,0.0205899310808377,-0.52291247372228,1948,0
0.3004190514862233,440,0.3730048257970666,0.0689225632653755,1923,0
-1.3552551742890226,330,0.0247635385945248,-0.2808786414494816,1948,0
0.9387355875152106,402,-0.5074326433385369,0.4183017720468028,1999,0
-0.7960089178258333,440,0.1232384991973822,0.7116661972747315,2005,0
0.836784634329439,528,1.184423339582527,2.232097980653319,1951,0
0.6957487779557732,484,-0.0641161901146953,-0.8034327869832221,1999,0
1.1990322579250303,804,1.8185037969618665,2.283432520103847,2001,1
-1.3552551742890226,898,0.0455455322184724,0.931559601037338,2008,0
0.6605223179153974,240,-1.9084043688622023,-0.6127134355975984,1953,0
-1.3552551742890226,280,-0.3194302072976263,-0.9714900611719468,1971,0
0.1748577251930352,576,-1.4442692951823308,-0.3089583132917187,1951,0
-1.3552551742890226,180,-1.4307451487513236,-0.3465558521827325,1926,0
1.095788232905844,540,0.7383516545188819,1.6795808267420111,1969,0
-0.7960089178258333,430,0.2205594557727458,0.7346951179694429,2005,0
1.158975274159864,498,-0.3311372979249452,0.5745409489735612,1954,0
-1.3552551742890226,240,0.1693105013015584,-2.260872514569943,1945,0
-1.3552551742890226,452,0.5498331818927753,-2.260872514569943,1955,0
0.4904754769864605,506,0.5092532701655528,-0.4700437741641594,1993,0
-1.3552551742890226,477,0.7776086366854956,-1.088805195667646,1984,0
0.9779625084995764,484,-0.7615143301086037,0.204524422688844,1977,0
0.1852606010854191,480,-0.8271318752523964,-1.1790650259121205,2004,0
-1.3552551742890226,342,0.8498662434769989,-0.3183406442630074,1928,0
1.123309873446542,648,0.2439226692433503,1.037852310523347,2006,1
0.5872546862298997,338,-0.9743795816114276,0.0352595347842267,1956,0
-1.3552551742890226,830,0.2690305066985639,1.1592841088351011,2007,0
0.9779625084995764,552,-0.2915167633730713,0.5809100845514032,2009,0
0.5743363223057738,520,1.9960822382612835,1.0174887402090815,1920,0
0.5366991263339025,603,0.4699204340359322,-1.0077379940219608,1997,0
0.7505830786166967,516,-0.4876035417353133,0.4355443900771754,1984,0
0.27389745389574,462,-0.4950242292809909,-1.152365729086578,1980,0
0.5087950810746297,420,0.4896509185233246,-0.128179236909094,1900,0
-1.3552551742890226,576,-1.3246714091419756,-0.2250166794901004,1953,0
-1.3552551742890226,434,0.9048937567227294,-0.4342135367172162,2004,0
1.1331178243921225,738,1.3068630079974468,0.919230099042518,2004,1
0.2720916236267202,871,0.9878714078427824,-0.075626739604817,1949,0
0.4771051005320765,495,0.9741993914594906,-0.4868241929885791,1971,0
0.7875997796949396,492,0.7662113578787861,-0.2715409825961707,2002,0
1.0169045980624862,270,-1.00060800160606,0.0149993558598604,1959,0
-1.3552551742890226,180,-1.1660259895091698,-0.169540528524359,1926,0
-1.3552551742890226,478,-0.0878327574326983,0.80140684656903,2003,0
-1.3552551742890226,740,-0.5024631675697651,0.4226152752747816,2009,0
0.1224113964165207,275,-1.6619980853573233,-0.5084556731865537,1918,0
0.1062524996979736,200,-1.5687815091259727,-0.3938125322828179,1914,0
0.2792859602006679,0,-1.1048234687012195,-0.0642456657823064,1959,0
1.4606533885068125,894,0.7350570635394696,1.6757183064560468,1981,0
1.263850866024928,866,0.5092532701655528,1.41820622115407,2007,0
-1.3552551742890226,420,1.359574739493112,0.2375618315119333,1998,0
-1.3552551742890226,560,1.3955346768078878,-0.6029501057088019,1885,0
0.4811418769728782,312,-0.8326647641218475,0.146976071634795,1960,0
0.9250016764776394,550,1.1573216933258763,0.3772278804428141,1970,0
-1.3552551742890226,288,-1.2474841441946818,-0.8640243744418628,1956,0
-1.3552551742890226,468,0.620845115235795,-0.1879904786281623,1931,0
0.3601538150271502,240,-0.8829212205709341,0.1069194849589337,1948,0
-0.0503690942661939,528,-0.7723522668763514,-0.2528986435525923,1948,0
0.7078180129838906,582,-0.2364513299087647,0.6612458431866728,2001,0
0.8247579247308973,422,0.5898747056024544,-0.3748747580337856,1996,0
0.2462832465617846,309,-0.3194302072976263,0.5851539674653845,1964,0
0.27389745389574,327,-1.2761994064047095,-0.1902996627940384,1936,0
0.3158474411501252,264,-1.1629363120599487,-1.364265919790165,1973,0
1.0092514962591113,450,-0.8604819414327667,0.1247444746092761,2005,0
0.4662300553223426,660,0.3148420209222868,-0.1144379852672383,1941,0
0.4824825397565373,440,0.1353251936513324,-0.6543610829351253,2000,0
-1.3552551742890226,312,0.2632548906777551,-0.1419432917060038,1939,0
-0.1113082678452159,518,1.228125250572813,0.3490238150040901,1974,0
0.5895801731493465,492,-0.537422182185643,-1.3008810235720718,1977,0
0.8019521630098606,440,-1.2190385189663286,-0.1488339260676922,1975,0
0.532954921767172,525,-0.9112062749116754,-1.1897813070831196,2005,0
1.161936003711021,588,0.1473637183169368,1.0337825012773476,2003,1
0.6845224466519306,312,-0.5983082196605649,0.3403289416037085,1962,0
-1.3552551742890226,936,0.9204332404712112,-0.0188731989787419,2005,0
0.6487802533942685,440,-0.9197435846231012,0.0778776735985779,1977,0
-1.3552551742890226,522,0.6447153663681353,1.5026643486257945,2001,1
0.7543610856263788,520,1.5553852426320869,-0.1833740757801703,1900,0
-1.3552551742890226,287,-2.125277002000943,-2.260872514569943,1949,0
0.7524742738572807,433,-0.4167935790361748,0.4977971842682551,1958,0
0.1201284764954678,180,-1.5301905795059123,-0.7558641804825252,1931,0
-1.3552551742890226,240,-2.33602929996567,-0.8640243744418628,1940,0
0.9844531023066314,0,-1.1846305336269178,-0.2041685814260184,1975,0
-1.3552551742890226,936,-0.5324032323505651,-0.8640243744418628,1915,0
0.7285115011653543,480,0.0825966361981926,0.9684666872485646,1964,0
0.3440737271408124,240,0.4191076168740238,-0.7558641804825252,1934,0
0.7028113037624698,497,-0.5248903873229694,0.3403289416037085,1990,0
0.2556157994879552,234,0.2380987881368593,-0.783361677001753,1941,0
0.80903614458195,388,0.0907688684248101,-0.5761706600316168,2004,0
0.493120587454054,380,2.4032254721417625,-0.1580304149803887,1934,0
0.7683747710570797,577,0.1131291792497958,0.9766518090570632,1999,0
-1.3552551742890226,400,-0.2776560915726149,-0.8945388194393339,2003,0
0.9165002734420756,676,1.794246861784888,0.4204587616277299,1998,0
1.0475490954700126,795,2.324531887834422,0.7074737278194296,1918,0
-1.3552551742890226,440,1.315032766970802,-0.559181800365645,1912,0
0.4439794502319816,505,1.01803353090474,0.2792412226773745,1977,0
0.8694085807860565,539,1.359574739493112,-0.559181800365645,1977,0
-1.3552551742890226,462,0.3674248816054697,-0.2273364713145539,1998,0
0.8619909813377841,500,-0.3523249706288944,0.4956570242270609,1996,1
0.6605223179153974,288,-0.8885571277864237,0.1024576789518949,1958,0
0.3664831609746034,544,0.4914382202376147,1.3629015964374442,2003,0
0.7088156068612191,398,-0.3007926401402008,-1.0051415293093704,1924,0
0.51137550346197,436,-0.9254485294372906,0.0734012526769784,1950,0
-1.3552551742890226,440,0.8735725040359607,-0.0324596336374105,1910,0
0.8652957053407728,564,1.9873934435541476,0.7743552742370133,1978,0
1.0057509754570488,583,1.128527922140723,0.1647220342212235,1998,0
0.6258617434702995,432,-1.7431757789718036,-0.5084556731865537,1930,0
1.0127383191800154,501,0.9126735072976452,1.1592841088351011,1992,0
1.1257716120653676,499,0.4172769594517583,0.9991303335215256,2000,1
0.3107433828071015,454,0.6293918973381301,1.5222251110676943,1955,0
-0.7960089178258333,438,-0.4483311285838511,0.4699391520263828,2005,0
0.8212897246572951,650,0.875146316018687,0.0509850121934839,2001,0
1.0078529386110495,460,-0.4143811816502142,0.4999368855581577,1976,0
1.0120420445139453,792,1.8901233291712527,0.5042149137290268,2007,1
0.6423005332279885,336,-1.464669351816691,-0.3230360530051788,1965,0
-1.3552551742890226,672,0.8482791814992859,-1.3670400388349817,1905,0
0.7323935248577469,300,-1.2316480539486376,-0.4796278925879532,1965,0
-1.3552551742890226,0,0.7052427180039729,-0.2808786414494816,1971,0
-1.3552551742890226,748,0.6430165963474285,1.5026643486257945,2001,0
-0.0848425037391837,0,-0.0130081103525424,0.8739042717715905,1955,0
0.2648191889447878,288,-0.4385921919544963,-0.0053082220039104,1950,0
1.2170488173934124,691,0.965050153441958,1.9510139966303,1994,0
0.9663042907324024,588,-0.6162999524741745,0.2309637880644466,1972,0
-1.3552551742890226,451,0.6515008989217472,-0.2250166794901004,2000,0
-1.3552551742890226,0,-1.5687815091259727,-0.3938125322828179,1922,0
0.8536722750092446,525,-0.7561098819242916,0.1912762016929566,1963,0
-1.3552551742890226,1025,0.9219827940450248,0.1202915519604212,2006,0
-1.3552551742890226,442,0.7301084213560735,-0.6543610829351253,1966,0
-1.3552551742890226,408,-1.4307451487513236,-0.3654234899094467,1966,0
0.61918759912409,484,-1.0035363452570456,0.0127453085266692,1977,0
-1.3552551742890226,264,-1.3838803495260268,-0.266876286904521,1979,0
0.7637302011051964,364,0.1513659214974395,0.2704820448789472,1955,0
0.8912809783964794,544,-0.0748733800716383,0.7618469167392116,1977,0
0.3325911245058762,396,1.071576456891951,-0.7061594162753002,1917,0
-1.3552551742890226,432,1.2753387873548914,-0.8009205030831354,1966,0
-1.3552551742890226,397,0.4117783171661693,-0.6789778019574363,2003,0
1.2864273456180435,514,0.0989190530380942,0.9602756064905396,1998,0
-1.3552551742890226,476,0.2380987881368593,-0.9200821500259216,1980,0
0.2684652903502778,576,-1.1815218297123933,-0.1213057717722744,1971,0
-1.3552551742890226,180,0.1151537515685621,-1.0442091499837605,1923,0
0.9477724661162388,299,-0.8548980170088625,0.1291951893556686,1957,0
0.055068734644708,281,0.1513659214974395,-0.5640316209647431,1932,0
0.3473197121298828,564,-0.2776560915726149,0.2879922397910223,1966,0
1.0495554222026109,862,0.7251516487099867,1.6641239343423713,2004,0
-1.3552551742890226,308,0.8115443637408767,-0.2505714244730812,1910,0
0.8904808074618554,720,-0.7507150679937343,0.1912762016929566,1920,0
0.8046157476226468,834,1.5352298169103633,0.74723531433241,1996,0
0.2951974097845535,432,0.9711527288382908,-0.4175515353528969,1932,0
1.1864443335859638,765,0.7284570685067601,1.6679898618238505,2006,1
0.4136924834806643,299,-0.2047870160277086,-0.8868962572294649,1969,0
0.9655704941330504,527,0.5269637878530002,1.4378983985557494,1996,0
0.3325911245058762,490,0.5198920463597088,-0.4080469681230254,1962,0
0.6793666379977867,264,-1.1261039540004567,-0.0801834686939277,1962,0
0.3175403495003263,420,0.049684831934907,-0.843763200995245,1993,0
1.0394788590324258,451,-0.7453298541361647,0.2177535754099964,2005,0
-1.3552551742890226,396,0.4446209367974358,0.2858052486260827,1918,0
0.2387213600102727,511,-0.2387258089109535,0.80140684656903,1998,0
-1.3552551742890226,539,-0.2115443600684333,0.6843852623177648,2000,0
1.1196049397453045,672,-0.7025897034817701,0.2529390634928082,1959,0
0.1578532684708431,440,0.4609092206419689,-0.266876286904521,1978,0
-1.3552551742890226,0,-0.2228402763978019,-1.1924636795851329,1970,0
-1.3552551742890226,349,0.4842826548099019,0.2353630053170758,1962,0
-1.3552551742890226,294,-1.5058860813874533,-2.260872514569943,1959,0
-1.3552551742890226,409,0.8211705741711776,-0.7633520922520111,1994,0
-1.3552551742890226,308,-1.464669351816691,-0.3230360530051788,1962,0
0.6280737566117222,264,0.6852015419647466,-0.3938125322828179,1962,0
0.4467984601790962,496,0.5163499525480211,-0.1235962947696894,1988,0
0.8848585432177123,576,-0.7941452758503542,0.1780087826550695,2003,0
-1.3552551742890226,954,0.471719453151411,1.3767509378275071,2007,0
0.4092591130687985,240,-0.1512652914859182,-0.6249368182831097,1941,0
1.2691482843246853,538,1.8990971312825544,1.8865146212393675,1972,1
1.0162115668769331,531,0.784102086403951,0.5787874812844331,2001,1
0.7839723596054965,0,-1.5900400327145228,-0.4080469681230254,1958,0
0.4195610604448473,660,-1.5687815091259727,-0.3938125322828179,1970,0
1.0628183668523865,702,0.4337130489660611,1.2515384671161125,2002,0
-0.1721555319213351,366,-1.6729406254568426,-1.4340948661300357,1920,0
0.8832453612509187,286,-0.7561098819242916,-0.2250166794901004,1954,0
-1.3552551742890226,240,0.3804287457151876,0.0666823661864384,1936,0
0.7857880656457524,461,-0.5324032323505651,0.3967055908088743,1965,0
0.2969424319569795,441,0.2225133081658206,-0.7259969183338729,1968,0
0.7496358298606519,484,-0.1779076927445564,0.715857002723889,2005,0
-1.3552551742890226,642,1.323180435650886,-0.1603311457587466,1997,0
1.0057509754570488,504,-1.1108883644246856,-0.1350584027960694,1977,0
-1.3552551742890226,440,-0.7750678263929166,0.1934855681989574,2003,0
0.6605223179153974,440,0.5287291373401998,0.9171738532179284,1968,0
-1.3552551742890226,440,-0.2868894752703225,0.6148120042583176,2007,0
0.734327563350935,440,-0.2684508216266414,0.1202915519604212,1965,0
1.0475490954700126,565,-0.1868409355327785,0.4096690444969384,1984,0
-1.3552551742890226,312,-0.5829714408101629,0.353368293263427,1959,0
1.2874647603610807,834,0.7580440007745572,1.702732218190647,2010,1
0.5216084378416687,280,-1.4442692951823308,-0.3512684202702772,1967,0
0.3209136432720731,240,-0.7399542063521894,-0.6543610829351253,1940,0
0.7785010858389857,560,0.9250795146642624,-0.5373982396022567,2001,0
0.8864686827955591,816,-1.7431757789718036,-0.5084556731865537,1982,0
0.5731509895789503,450,-1.464669351816691,-0.3230360530051788,1968,0
0.3569674471467951,286,-0.8548980170088625,-1.1924636795851329,1973,0
0.5825823758477401,495,-0.8493243746410956,0.1336437013314265,1953,0
0.2934478772157115,470,0.6835254195418698,0.0868237314928053,1956,1
-1.3552551742890226,0,-0.3381833719888004,-2.260872514569943,1900,0
0.8221581259136914,645,1.0359870313956687,0.0509850121934839,1997,0
0.8169341085555337,352,-0.4361623501552016,0.4806630199663789,1960,0
1.1607528349459877,693,1.6783895104513895,0.4010286623449952,1990,0
0.8230256249106518,480,-0.6867165098582649,0.2660993845267313,1966,0
-1.3552551742890226,429,0.0205899310808377,-0.7235140172996314,2006,0
-1.3552551742890226,463,0.6650263575761654,-0.1190158797326884,2000,0
-1.3552551742890226,180,0.4117783171661693,-0.8945388194393339,1916,0
1.12883961144526,856,1.493228352854822,0.4785191732027751,1999,0
0.9851713433095776,484,-0.0214663204056785,0.8656431625439664,2004,0
0.626968537816492,539,-0.939758103943151,-0.0120880382192304,1976,0
0.7177385298958671,566,0.0414005536359158,-0.5567581265672719,1936,0
0.9507640669134928,576,-0.6840790542373479,0.1669378402354714,1961,0
0.8816291236409154,532,0.1831940634776722,1.0703588745035488,2002,0
0.6090671782652696,300,-1.2127533804529438,-0.1442395303309198,1969,0
0.8888782164560455,588,-1.11392537297019,-0.0710724705176917,1984,0
0.7785010858389857,478,0.1191988300987523,1.0052531006908665,1996,0
0.1447947953745904,400,0.8609523563721121,-0.2435938424857163,1948,0
0.9633654167100082,528,-0.4629985889349963,0.4570551659534044,1973,0
0.2556157994879552,252,1.461014538548627,0.2617146705326607,1941,0
-1.3552551742890226,598,0.4209371648653495,1.2974004282755447,1998,0
0.8325091748692793,504,-0.7968804690531535,0.2419579219389896,1976,0
0.4325918260293919,305,-0.4925486433166319,-0.6765121357111168,1946,0
0.7323935248577469,473,-0.3736621552846664,0.3577108048208866,1977,0
1.034058234118282,726,1.8585026260723096,1.143166199119182,2003,1
-0.0265409916075845,539,-0.5474851334576503,-0.5956365191717323,1925,0
-0.6875527711403598,400,-0.3007926401402008,0.6021119137693512,2005,0
-1.3552551742890226,666,1.752203318561061,0.4398503097733332,2006,1
0.9779625084995764,672,-1.3246714091419756,-0.2250166794901004,1980,0
-1.3552551742890226,216,0.3952220437990681,-0.5325664157499442,1915,0
0.7729931439475174,632,-0.5173961558829288,0.3642208937176438,2006,0
-0.0689129244469129,461,-1.5058860813874533,-0.3512684202702772,1972,0
-1.3552551742890226,440,-0.3194302072976263,-0.9714900611719468,1970,0
-1.3552551742890226,500,-0.0087878674306757,0.8408224047127881,1990,0
1.1226934142684717,556,0.2322636545180123,1.1209678075493588,2005,1
0.9257704042386884,412,-0.5575816721201836,0.3750612672780104,1998,0
-0.0595656606539715,360,-0.1468476339716558,-0.8210461840185259,1928,0
0.7848807128887869,420,-1.6258055744791238,-0.4318309791416084,2004,0
1.263850866024928,541,0.1613482908550612,1.0480205058719962,2000,0
0.6916847827262733,480,-0.4802010158776731,0.442002562081322,1961,0
-1.3552551742890226,432,-0.0727188765580336,-1.0077379940219608,2006,0
-1.3552551742890226,528,1.3286000010753447,-2.260872514569943,1979,0
0.8125556083021445,590,1.4021470797474644,0.1358671328781932,1992,0
0.4122177591772416,502,0.4337130489660611,1.313311792787514,2003,0
-0.7377813751197019,865,0.3337269088956855,1.2275409225013614,2005,0
0.3489370155066129,0,-1.561728335044689,-0.828609565609884,1945,0
-1.3552551742890226,840,0.0989190530380942,0.9848309922201952,2006,0
0.4891493463162943,432,-0.0299482729651364,-0.7533700972829891,2004,0
0.6346722693225892,736,0.8355525333335221,0.0532292076660861,2005,1
0.7226532101923825,352,-0.7642201777773305,0.0149993558598604,1976,0
0.635766601971456,525,-0.9112062749116754,-1.1897813070831196,2005,0
0.4253818064963956,303,0.7759830879389832,1.2335448180153117,1955,0
-0.0149847740875246,400,0.0744022371268241,-0.8640243744418628,1925,0
-1.3552551742890226,853,1.507294017672659,0.2748626560986137,2005,0
-1.3552551742890226,420,-0.980188515418734,-2.260872514569943,1950,0
0.5266726248843949,492,0.698577106260119,-0.3938125322828179,1965,0
-1.3552551742890226,480,-0.5677120224251269,-1.0494379182993825,2005,0
-1.3552551742890226,746,1.0120251955550543,1.981263165332365,2008,1
0.2828544390468361,0,-1.1352701359981312,-0.0870231885170448,1940,0
0.7748332337269185,420,-1.6258055744791238,-0.4318309791416084,2003,0
-1.3552551742890226,578,0.5985095277391885,-0.3701476628399496,2007,0
0.478453167782609,576,-0.9541356358415936,0.0509850121934839,1962,0
1.1226934142684717,682,0.2939313113857496,1.185428746303728,2001,1
0.7323935248577469,490,-0.1380316425962867,-0.8614881787282975,2000,0
-0.7960089178258333,530,-0.1182891839404008,0.7722715617750479,2004,0
0.741060521111108,288,-0.1801385295359051,-0.0596975195293326,1951,0
-1.3552551742890226,527,0.0268481823811447,0.9130602196060286,2002,0
1.1488381035550577,499,0.4044311803858977,0.9848309922201952,2000,1
0.5884183135261344,576,-1.0448333305832074,-0.2157442001860243,1978,0
-1.3552551742890226,864,1.8265461977602848,0.4527567675800121,1880,0
-1.3552551742890226,520,0.3822818768699949,-0.551913245406879,2004,0
-1.3552551742890226,280,-0.8105936364863381,-0.9534478302473264,1930,0
-1.3552551742890226,0,-2.242019875655424,-0.8109754978696293,1941,0
0.062648607708285,352,-0.5601110810458722,-0.7708485326266873,1950,0
1.1263860253252738,995,0.2536042493379206,1.143166199119182,1963,0
-1.3552551742890226,573,0.230316101920957,1.1189476784459442,2003,0
0.5636011282830277,492,0.9204332404712112,-0.1258874495422318,1946,0
0.0499622158271753,384,-1.464669351816691,-0.3230360530051788,1966,0
-0.6875527711403598,430,-0.3975480697515329,0.487091787291404,2004,0
-1.3552551742890226,554,-0.038454101276795,0.8263175239048907,2008,1
1.2292404991347428,774,0.8798628305448231,1.8484319963163176,2008,1
-0.643173708671978,564,0.462713616628559,1.3668601386272388,2005,1
1.272312887153469,841,2.482680537841139,1.2993904883574885,2003,1
0.7785010858389857,288,-1.7431757789718036,-0.5084556731865537,1938,0
0.5152293853441616,487,1.214096976410379,-0.2528986435525923,1966,0
0.5884183135261344,523,0.4591037454341231,-0.5373982396022567,1998,0
-1.3552551742890226,0,-2.220059326700025,-0.7984091927508473,1947,0
0.3866668178870101,572,0.4681203421032988,-0.6765121357111168,1948,0
-1.3552551742890226,528,-0.5074326433385369,-1.0181352639401762,2009,0
-0.5335283784662099,352,0.5410577565065879,1.4536298583390164,1964,0
-1.3552551742890226,484,-0.7212142852823169,0.2375618315119333,2005,0
0.8553425776455845,526,-0.3784242681815245,0.5319776665728213,1970,0
-1.3552551742890226,264,-0.7696391418312262,-0.713591609886238,1939,0
1.0919706311149129,542,1.690418041243022,2.283432520103847,1981,0
-0.6875527711403598,440,-0.2915167633730713,0.6105803834416816,2006,0
0.713785032260733,576,0.955873071388552,0.1956944020333879,1928,0
0.0156672095290443,572,-1.5687815091259727,-0.3938125322828179,1955,0
-1.3552551742890226,216,-0.042716010785939,-0.2808786414494816,1918,0
-1.3552551742890226,660,0.2205594557727458,0.7346951179694429,2007,0
